language,headline
es,El PP desdeña la comisión independiente sobre Gaza: “No le compete ni a la ONU ni al presidente decidir lo que es o no es un genocidio”
es,"El Gobierno carga contra el PP por su posición sobre Gaza: “No es ignorancia, es mala fe. Les va a perseguir toda la vida”"
es,"El Gobierno eleva el crecimiento económico de este año una décima, hasta el 2,7%"
es,iPhone iOS 26: las cinco novedades estrella del nuevo sistema operativo de Apple
es,La Guía Gastro 2025: una selección de los restaurantes y comercios favoritos de los expertos de EL PAÍS
es,El Gobierno aprueba un decreto para anticipar la jubilación de los bomberos forestales hasta cinco años
es,Los sindicatos de funcionarios unen sus fuerzas para exigir al Gobierno una nueva subida salarial
es,"La universidad se moviliza para que el Gobierno cambie el examen que habilita a los abogados: “Si aprueban todos, no cumple su función”"
es,Cuando el ligue se cuela en Vinted: “Hemos normalizado que cualquier ‘app’ sirva para eso”
es,"Real Madrid - Marsella: horario, canal de televisión y dónde ver online el partido de Champions hoy"
es,Alineación del Real Madrid contra el Marsella en el partido de Champions hoy
es,Dónde ver online y en televisión al Athletic Club hoy de Champions y a qué hora juega el partido contra el Arsenal
es,"Partidos de Champions hoy: horarios, donde ver en televisión, equipos y quién juega el 16 de septiembre"
es,"El Gobierno eleva una décima, hasta el 2,7%, su previsión de crecimiento económico para 2025"
es,El Gobierno declara ahora la emergencia migratoria en Baleares
es,El Gobierno aprueba un decreto para que los bomberos forestales puedan jubilarse a los 60 años
es,El Gobierno pretende meter a 564 inmigrantes en un centro ilegal en Pozuelo de Alarcón
es,Devotos budistas se reúnen en la región camboyana de Kandal para celebrar la festividad de Pchum Ben
es,El Gobierno presiona a Israel y acusa al PP de “mala fe” al no condenar el “genocidio” en Gaza
es,El expresident Aragonès aparca la política para dirigir la cadena de hoteles de su familia
es,El Gobierno declara Baleares en emergencia migratoria tras la llegada masiva de pateras
es,El Govern replica a Junts que las políticas sobre Catalunya se deciden en el Parlament
es,El Gobierno notifica a las plataformas online la retirada de 1.531 pisos turísticos en Madrid
es,El Ayuntamiento de Pozuelo decreta “el cese definitivo” del centro de refugiados del Gobierno
es,"La Vuelta, en el epicentro de la refriega política, por Editorial"
es,El PP endurece la oposición a Illa: “Es la peor estafa política de los últimos 20 años”
es,El fiscal se opone a la libertad de Cerdán por utilizar “impertinentes consideraciones políticas”
es,El diputado de ERC Ruben Wagensberg deja el acta y abandona la primera línea política
